Condo Name,Town,District,Launch Date (TOP)
MARINA BAY RESIDENCES,"Boat Quay, Chinatown, Marina Square",District 01,2010
MARINA BAY SUITES,"Boat Quay, Chinatown, Marina Square",District 01,2013
MARINA ONE RESIDENCES,"Boat Quay, Chinatown, Marina Square",District 01,2018
ONE SHENTON,"Boat Quay, Chinatown, Marina Square",District 01,2010
ROBINSON SUITES,"Boat Quay, Chinatown, Marina Square",District 01,2014
THE CENTRAL,"Boat Quay, Chinatown, Marina Square",District 01,2007
THE CLIFT,"Boat Quay, Chinatown, Marina Square",District 01,2011
THE SAIL @ MARINA BAY,"Boat Quay, Chinatown, Marina Square",District 01,2008
76 SHENTON,"Shenton Way, Tanjong Pagar",District 02,2014
ALTEZ,"Shenton Way, Tanjong Pagar",District 02,2014
CRAIG PLACE,"Shenton Way, Tanjong Pagar",District 02,2003
DORSETT RESIDENCES,"Shenton Way, Tanjong Pagar",District 02,2013
EL CENTRO,"Shenton Way, Tanjong Pagar",District 02,2004
EON SHENTON,"Shenton Way, Tanjong Pagar",District 02,2019
ICON,"Shenton Way, Tanjong Pagar",District 02,2007
ONZE @ TANJONG PAGAR,"Shenton Way, Tanjong Pagar",District 02,2018
SKYSUITES @ ANSON,"Shenton Way, Tanjong Pagar",District 02,2015
SPOTTISWOODE 18,"Shenton Way, Tanjong Pagar",District 02,2015
SPOTTISWOODE RESIDENCES,"Shenton Way, Tanjong Pagar",District 02,2014
SPOTTISWOODE SUITES,"Shenton Way, Tanjong Pagar",District 02,2017
THE ARRIS,"Shenton Way, Tanjong Pagar",District 02,2003
THE BEACON,"Shenton Way, Tanjong Pagar",District 02,2008
THE LUMIERE,"Shenton Way, Tanjong Pagar",District 02,2010
V ON SHENTON,"Shenton Way, Tanjong Pagar",District 02,2017
ALESSANDREA,"Alexandra Road, Tiong Bahru, Queenstown",District 03,2004
ALEX RESIDENCES,"Alexandra Road, Tiong Bahru, Queenstown",District 03,2019
ALEXIS,"Alexandra Road, Tiong Bahru, Queenstown",District 03,2012
ARTRA,"Alexandra Road, Tiong Bahru, Queenstown",District 03,2020
ASCENTIA SKY,"Alexandra Road, Tiong Bahru, Queenstown",District 03,2013
COMMONWEALTH TOWERS,"Alexandra Road, Tiong Bahru, Queenstown",District 03,2019
DOMAIN 21,"Alexandra Road, Tiong Bahru, Queenstown",District 03,2007
ECHELON,"Alexandra Road, Tiong Bahru, Queenstown",District 03,2016
GLOBAL RESIDENCE @ TIONG BAHRU,"Alexandra Road, Tiong Bahru, Queenstown",District 03,2007
HIGHLINE RESIDENCES,"Alexandra Road, Tiong Bahru, Queenstown",District 03,2018
MERAPRIME,"Alexandra Road, Tiong Bahru, Queenstown",District 03,2006
QUEENS,"Alexandra Road, Tiong Bahru, Queenstown",District 03,2002
QUEENS PEAK,"Alexandra Road, Tiong Bahru, Queenstown",District 03,2020
REGENCY SUITES,"Alexandra Road, Tiong Bahru, Queenstown",District 03,2008
TANGLIN VIEW,"Alexandra Road, Tiong Bahru, Queenstown",District 03,2002
THE LANDMARK,"Alexandra Road, Tiong Bahru, Queenstown",District 03,2025
THE METROPOLITAN,"Alexandra Road, Tiong Bahru, Queenstown",District 03,2009
THE REGENCY AT TIONG BAHRU,"Alexandra Road, Tiong Bahru, Queenstown",District 03,2010
TWIN REGENCY,"Alexandra Road, Tiong Bahru, Queenstown",District 03,2007
CAPE ROYALE,"Keppel, Sentosa, Telok Blangah",District 04,2013
CARIBBEAN AT KEPPEL BAY,"Keppel, Sentosa, Telok Blangah",District 04,2004
CORAL ISLAND,"Keppel, Sentosa, Telok Blangah",District 04,2007
CORALS AT KEPPEL BAY,"Keppel, Sentosa, Telok Blangah",District 04,2016
HARBOUR SUITES,"Keppel, Sentosa, Telok Blangah",District 04,2014
KASARA,"Keppel, Sentosa, Telok Blangah",District 04,2012
MARINA COLLECTION,"Keppel, Sentosa, Telok Blangah",District 04,2011
OCEAN 8,"Keppel, Sentosa, Telok Blangah",District 04,2010
PARADISE ISLAND,"Keppel, Sentosa, Telok Blangah",District 04,2009
PEARL ISLAND,"Keppel, Sentosa, Telok Blangah",District 04,2013
REFLECTIONS AT KEPPEL BAY,"Keppel, Sentosa, Telok Blangah",District 04,2011
SANDY ISLAND,"Keppel, Sentosa, Telok Blangah",District 04,2013
SEASCAPE,"Keppel, Sentosa, Telok Blangah",District 04,2010
SENTOSA COVE,"Keppel, Sentosa, Telok Blangah",District 04,2008
SEVEN PALMS SENTOSA COVE,"Keppel, Sentosa, Telok Blangah",District 04,2013
SKYLINE RESIDENCES,"Keppel, Sentosa, Telok Blangah",District 04,2015
TERESA 8,"Keppel, Sentosa, Telok Blangah",District 04,2008
TERESA VILLAS,"Keppel, Sentosa, Telok Blangah",District 04,2011
THE AZURE,"Keppel, Sentosa, Telok Blangah",District 04,2008
THE BERTH BY THE COVE,"Keppel, Sentosa, Telok Blangah",District 04,2006
THE BERTHSIDE,"Keppel, Sentosa, Telok Blangah",District 04,2006
THE COAST AT SENTOSA COVE,"Keppel, Sentosa, Telok Blangah",District 04,2009
THE FORESTA @ MOUNT FABER,"Keppel, Sentosa, Telok Blangah",District 04,2015
THE GREEN COLLECTION,"Keppel, Sentosa, Telok Blangah",District 04,2012
THE INTERLACE,"Keppel, Sentosa, Telok Blangah",District 04,2013
THE OCEANFRONT @ SENTOSA COVE,"Keppel, Sentosa, Telok Blangah",District 04,2010
THE PEARL @ MOUNT FABER,"Keppel, Sentosa, Telok Blangah",District 04,2005
THE REEF AT KING’S DOCK,"Keppel, Sentosa, Telok Blangah",District 04,2025
THE RESIDENCES AT W SENTOSA COVE,"Keppel, Sentosa, Telok Blangah",District 04,2010
THE VILLAS @ SENTOSA COVE,"Keppel, Sentosa, Telok Blangah",District 04,2007
TURQUOISE,"Keppel, Sentosa, Telok Blangah",District 04,2010
BIJOU,"Buona Vista, West Coast, Clementi",District 05,2018
BLUE HORIZON,"Buona Vista, West Coast, Clementi",District 05,2005
BOTANNIA,"Buona Vista, West Coast, Clementi",District 05,2009
CARABELLE,"Buona Vista, West Coast, Clementi",District 05,2009
CLAVON,"Buona Vista, West Coast, Clementi",District 05,2024
CLEMENTI WOODS CONDO,"Buona Vista, West Coast, Clementi",District 05,2010
CRYSTAL HEIGHTS,"Buona Vista, West Coast, Clementi",District 05,2010
FABER CREST,"Buona Vista, West Coast, Clementi",District 05,2002
HORIZON RESIDENCES,"Buona Vista, West Coast, Clementi",District 05,2014
HUNDRED TREES,"Buona Vista, West Coast, Clementi",District 05,2013
ICON @ PASIR PANJANG,"Buona Vista, West Coast, Clementi",District 05,2018
JUBILEE RESIDENCE,"Buona Vista, West Coast, Clementi",District 05,2008
JULUCA,"Buona Vista, West Coast, Clementi",District 05,2010
LUXE VILLE,"Buona Vista, West Coast, Clementi",District 05,2013
LYNNSVILLE 331,"Buona Vista, West Coast, Clementi",District 05,2009
MONTEREY PARK,"Buona Vista, West Coast, Clementi",District 05,2006
MURANO,"Buona Vista, West Coast, Clementi",District 05,2009
NEWEST,"Buona Vista, West Coast, Clementi",District 05,2017
CITY GATE,"Beach Road, Bugis, Rochor",District 07,2018
CONCOURSE SKYLINE,"Beach Road, Bugis, Rochor",District 07,2014
DUO RESIDENCES,"Beach Road, Bugis, Rochor",District 07,2017
MIDTOWN MODERN,"Beach Road, Bugis, Rochor",District 07,2025
PARRY COURT,"Beach Road, Bugis, Rochor",District 07,2005
SOUTHBANK,"Beach Road, Bugis, Rochor",District 07,2009
SUNSHINE PLAZA RESIDENCES,"Beach Road, Bugis, Rochor",District 07,2001
TAN QUEE LAN SUITES,"Beach Road, Bugis, Rochor",District 07,2006
28 RC SUITES,"Little India, Farrer Park",District 08,2017
8 FARRER SUITES,"Little India, Farrer Park",District 08,2015
BLISS REGALIA,"Little India, Farrer Park",District 08,2009
CARLYX GREEN,"Little India, Farrer Park",District 08,2009
CARLYX RESIDENCE,"Little India, Farrer Park",District 08,2006
CAVAN SUITES,"Little India, Farrer Park",District 08,2013
CHERRY LOFT,"Little India, Farrer Park",District 08,2008
CITIGATE RESIDENCE,"Little India, Farrer Park",District 08,2011
CITY LOFT,"Little India, Farrer Park",District 08,2011
CITY SQUARE RESIDENCES,"Little India, Farrer Park",District 08,2009
CITY STUDIOS,"Little India, Farrer Park",District 08,2010
CITYLIGHTS,"Little India, Farrer Park",District 08,2007
CITYSCAPE AT FARRER PARK,"Little India, Farrer Park",District 08,2015
CLYDES RESIDENCE,"Little India, Farrer Park",District 08,2006
D'CAMBRIDGE,"Little India, Farrer Park",District 08,2006
FARRER PARK SUITES,"Little India, Farrer Park",District 08,2011
FORTE SUITES,"Little India, Farrer Park",District 08,2018
HERTFORD COLLECTION,"Little India, Farrer Park",District 08,2013
JOOL SUITES,"Little India, Farrer Park",District 08,2013
KENT RESIDENCES,"Little India, Farrer Park",District 08,2010
KERRISDALE,"Little India, Farrer Park",District 08,2006
LE SOMME,"Little India, Farrer Park",District 08,2017
LOFT @ RANGOON,"Little India, Farrer Park",District 08,2013
MERA SPRINGS,"Little India, Farrer Park",District 08,2008
OXFORD SUITES,"Little India, Farrer Park",District 08,2011
PARC SOMME,"Little India, Farrer Park",District 08,2012
PRISTINE HEIGHTS,"Little India, Farrer Park",District 08,2008
R66 APARTMENTS,"Little India, Farrer Park",District 08,2007
RACE COURSE 138,"Little India, Farrer Park",District 08,2004
RACE COURSE MANSION,"Little India, Farrer Park",District 08,2005
111 EMERALD HILL,"Orchard, River Valley",District 09,2011
1919,"Orchard, River Valley",District 09,2015
283 STUDIO,"Orchard, River Valley",District 09,2013
2RVG,"Orchard, River Valley",District 09,2006
8 @ MOUNT SOPHIA,"Orchard, River Valley",District 09,2007
8 RODYK,"Orchard, River Valley",District 09,2011
ALBA,"Orchard, River Valley",District 09,2015
ASPEN LINQ,"Orchard, River Valley",District 09,2014
ATTITUDE @ KIM YAM,"Orchard, River Valley",District 09,2011
BELLE VUE RESIDENCES,"Orchard, River Valley",District 09,2010
BELMONDO VIEW,"Orchard, River Valley",District 09,2003
BRENTWOOD VILLAS,"Orchard, River Valley",District 09,2005
CAIRNHILL CREST,"Orchard, River Valley",District 09,2005
CAIRNHILL NINE,"Orchard, River Valley",District 09,2016
CAIRNHILL RESIDENCES,"Orchard, River Valley",District 09,2010
CENTENNIA SUITES,"Orchard, River Valley",District 09,2014
CITY VISTA RESIDENCE,"Orchard, River Valley",District 09,2011
CITYVALE,"Orchard, River Valley",District 09,2003
CLAREMONT,"Orchard, River Valley",District 09,2001
DEVONSHIRE 12,"Orchard, River Valley",District 09,2015
DEVONSHIRE 8,"Orchard, River Valley",District 09,2017
DEVONSHIRE RESIDENCES,"Orchard, River Valley",District 09,2014
38 DRAYCOTT DRIVE,"Bukit Timah, Holland, Tanglin",District 10,2002
8 NAPIER,"Bukit Timah, Holland, Tanglin",District 10,2010
9 NASSIM ROAD,"Bukit Timah, Holland, Tanglin",District 10,2003
ALIAS VILLAS,"Bukit Timah, Holland, Tanglin",District 10,2017
ARDMORE 3,"Bukit Timah, Holland, Tanglin",District 10,2015
ARDMORE II,"Bukit Timah, Holland, Tanglin",District 10,2010
ARDMORE PARK,"Bukit Timah, Holland, Tanglin",District 10,2001
ARDMORE RESIDENCE,"Bukit Timah, Holland, Tanglin",District 10,2013
BALMORAL 8,"Bukit Timah, Holland, Tanglin",District 10,2003
BALMORAL CREST,"Bukit Timah, Holland, Tanglin",District 10,2003
BALMORAL HEIGHTS,"Bukit Timah, Holland, Tanglin",District 10,2005
BALMORAL HILLS,"Bukit Timah, Holland, Tanglin",District 10,2007
BALMORAL RESIDENCES,"Bukit Timah, Holland, Tanglin",District 10,2003
BEAUFORT ON NASSIM,"Bukit Timah, Holland, Tanglin",District 10,2008
1 MOULMEIN RISE,"Newton, Dunearn, Watten Estate",District 11,2003
10 SHELFORD,"Newton, Dunearn, Watten Estate",District 11,2014
15 NEWTON,"Newton, Dunearn, Watten Estate",District 11,2010
18 SHELFORD,"Newton, Dunearn, Watten Estate",District 11,2011
26 NEWTON,"Newton, Dunearn, Watten Estate",District 11,2016
368 THOMSON,"Newton, Dunearn, Watten Estate",District 11,2014
6 DERBYSHIRE,"Newton, Dunearn, Watten Estate",District 11,2017
7 CHANCERY HILL WALK,"Newton, Dunearn, Watten Estate",District 11,2005
8 BASSEIN,"Newton, Dunearn, Watten Estate",District 11,2015
ADAM GREEN,"Newton, Dunearn, Watten Estate",District 11,2013
ADAM PARK CONDO,"Newton, Dunearn, Watten Estate",District 11,2004
ADRIA,"Newton, Dunearn, Watten Estate",District 11,2013
ALEGRIA BOUTIQUE APARTMENTS,"Newton, Dunearn, Watten Estate",District 11,2005
AMANINDA,"Newton, Dunearn, Watten Estate",District 11,2005
AMARYLLIS VILLE,"Newton, Dunearn, Watten Estate",District 11,2004
APLETON VIEW,"Newton, Dunearn, Watten Estate",District 11,2005
BARKER 9,"Newton, Dunearn, Watten Estate",District 11,2014
BARKER TERRACES,"Newton, Dunearn, Watten Estate",District 11,2008
BARKER VILLE,"Newton, Dunearn, Watten Estate",District 11,2010
BUCKLEY 18,"Newton, Dunearn, Watten Estate",District 11,2009
BUCKLEY CLASSIQUE,"Newton, Dunearn, Watten Estate",District 11,2014
BUCKLEY RESIDENCE,"Newton, Dunearn, Watten Estate",District 11,2008
CHANCERY HILL VILLAS,"Newton, Dunearn, Watten Estate",District 11,2017
CITY EDGE,"Newton, Dunearn, Watten Estate",District 11,2008
CUBE 8,"Newton, Dunearn, Watten Estate",District 11,2013
D'CHATEAU @ SHELFORD,"Newton, Dunearn, Watten Estate",District 11,2012
D'EVELYN,"Newton, Dunearn, Watten Estate",District 11,2008
D'IXORAS,"Newton, Dunearn, Watten Estate",District 11,2013
8 RAJA,"Balestier, Toa Payoh, Serangoon",District 12,2013
AIRSTREAM,"Balestier, Toa Payoh, Serangoon",District 12,2013
ASCENT @ 456,"Balestier, Toa Payoh, Serangoon",District 12,2017
BALESTIER 288,"Balestier, Toa Payoh, Serangoon",District 12,2004
BEACON HEIGHTS,"Balestier, Toa Payoh, Serangoon",District 12,2012
BLISS LOFT,"Balestier, Toa Payoh, Serangoon",District 12,2014
CALARASI,"Balestier, Toa Payoh, Serangoon",District 12,2004
CASA FORTUNA,"Balestier, Toa Payoh, Serangoon",District 12,2012
CHELSEA GROVE,"Balestier, Toa Payoh, Serangoon",District 12,2007
CITY REGENCY,"Balestier, Toa Payoh, Serangoon",District 12,2009
CITY SUITES,"Balestier, Toa Payoh, Serangoon",District 12,2016
CRADELS,"Balestier, Toa Payoh, Serangoon",District 12,2015
D'LOTUS,"Balestier, Toa Payoh, Serangoon",District 12,2007
D'MIRA,"Balestier, Toa Payoh, Serangoon",District 12,2013
DE ROYALE,"Balestier, Toa Payoh, Serangoon",District 12,2006
DOMUS,"Balestier, Toa Payoh, Serangoon",District 12,2012
ECOVILLE,"Balestier, Toa Payoh, Serangoon",District 12,2008
EIGHT RIVERSUITES,"Balestier, Toa Payoh, Serangoon",District 12,2016
GAIA,"Balestier, Toa Payoh, Serangoon",District 12,2015
I RESIDENCES,"Balestier, Toa Payoh, Serangoon",District 12,2011
KALLANG RIVERSIDE,"Balestier, Toa Payoh, Serangoon",District 12,2019
KIM KEAT GARDENS,"Balestier, Toa Payoh, Serangoon",District 12,2003
18 WOODSVILLE,"Potong Pasir, Macpherson",District 13,2015
8 @ WOODLEIGH,"Potong Pasir, Macpherson",District 13,2012
BELLA VISTA,"Potong Pasir, Macpherson",District 13,2009
BELLAVILLE,"Potong Pasir, Macpherson",District 13,2011
BLOSSOMS @ WOODLEIGH,"Potong Pasir, Macpherson",District 13,2007
CASA MEYA,"Potong Pasir, Macpherson",District 13,2011
CENTURION RESIDENCES,"Potong Pasir, Macpherson",District 13,2010
D'ALMIRA,"Potong Pasir, Macpherson",District 13,2012
DAISY PETALS,"Potong Pasir, Macpherson",District 13,2008
DAISY SUITES,"Potong Pasir, Macpherson",District 13,2016
DUNSFOLD 18,"Potong Pasir, Macpherson",District 13,2009
DUNSFOLD RESIDENCES,"Potong Pasir, Macpherson",District 13,2011
E MAISON,"Potong Pasir, Macpherson",District 13,2016
INTERO,"Potong Pasir, Macpherson",District 13,2009
LEICESTER LODGE,"Potong Pasir, Macpherson",District 13,2003
LEICESTER SUITES,"Potong Pasir, Macpherson",District 13,2013
LYNWOOD EIGHT,"Potong Pasir, Macpherson",District 13,2010
MATLOCK RESIDENCES,"Potong Pasir, Macpherson",District 13,2011
MEYA LODGE,"Potong Pasir, Macpherson",District 13,2005
MILFORD VILLAS,"Potong Pasir, Macpherson",District 13,2009
MOSELLA,"Potong Pasir, Macpherson",District 13,2013
NIN RESIDENCE,"Potong Pasir, Macpherson",District 13,2014
OASIS @ MULBERRY,"Potong Pasir, Macpherson",District 13,2006
ONE CHILTERN,"Potong Pasir, Macpherson",District 13,2006
ONE LEICESTER,"Potong Pasir, Macpherson",District 13,2009
ONE LYNWOOD,"Potong Pasir, Macpherson",District 13,2008
PARC ASTON,"Potong Pasir, Macpherson",District 13,2011
PARC MONDRIAN,"Potong Pasir, Macpherson",District 13,2010
PLATINUM EDGE,"Potong Pasir, Macpherson",District 13,2007
R MAISON,"Potong Pasir, Macpherson",District 13,2016
RIDGE COURT,"Potong Pasir, Macpherson",District 13,2003
RIVERBAY,"Potong Pasir, Macpherson",District 13,2015
# 1 LOFT,"Eunos, Geylang, Paya Lebar",District 14,2015
# 1 SUITES,"Eunos, Geylang, Paya Lebar",District 14,2018
28 IMPERIAL RESIDENCES,"Eunos, Geylang, Paya Lebar",District 14,2016
ASTOR,"Eunos, Geylang, Paya Lebar",District 14,2007
ATRIUM RESIDENCES,"Eunos, Geylang, Paya Lebar",District 14,2008
BEAU VISTA,"Eunos, Geylang, Paya Lebar",District 14,2008
BLISS RESIDENCES,"Eunos, Geylang, Paya Lebar",District 14,2008
BLISS VILLE,"Eunos, Geylang, Paya Lebar",District 14,2010
CANBERLIN LODGE,"Eunos, Geylang, Paya Lebar",District 14,2001
CASA AERATA,"Eunos, Geylang, Paya Lebar",District 14,2014
CASA EMERALD,"Eunos, Geylang, Paya Lebar",District 14,2002
CASCATA,"Eunos, Geylang, Paya Lebar",District 14,2005
CASSIA EDGE,"Eunos, Geylang, Paya Lebar",District 14,2018
CASSIA VIEW,"Eunos, Geylang, Paya Lebar",District 14,2001
CENTRA HEIGHTS,"Eunos, Geylang, Paya Lebar",District 14,2014
CENTRA LOFT,"Eunos, Geylang, Paya Lebar",District 14,2014
CENTRA RESIDENCE,"Eunos, Geylang, Paya Lebar",District 14,2017
CENTRA STUDIOS,"Eunos, Geylang, Paya Lebar",District 14,2014
CENTRA SUITES,"Eunos, Geylang, Paya Lebar",District 14,2013
CENTRAL GROVE,"Eunos, Geylang, Paya Lebar",District 14,2001
CENTRAL IMPERIAL,"Eunos, Geylang, Paya Lebar",District 14,2015
CENTRAL MEADOWS,"Eunos, Geylang, Paya Lebar",District 14,2003
COSMO,"Eunos, Geylang, Paya Lebar",District 14,2010
COSY LODGE,"Eunos, Geylang, Paya Lebar",District 14,2002
CRYSTAL DEW,"Eunos, Geylang, Paya Lebar",District 14,2004
11 AMBER ROAD,"Katong, Marine Parade, Siglap",District 15,2005
16 @ AMBER,"Katong, Marine Parade, Siglap",District 15,2013
38 AMBER,"Katong, Marine Parade, Siglap",District 15,2008
38 I SUITES,"Katong, Marine Parade, Siglap",District 15,2014
448 @ EAST COAST,"Katong, Marine Parade, Siglap",District 15,2014
7 ON CHAPEL,"Katong, Marine Parade, Siglap",District 15,2014
80 MEYER ROAD,"Katong, Marine Parade, Siglap",District 15,2011
833 M B RESIDENCES,"Katong, Marine Parade, Siglap",District 15,2011
8M RESIDENCES,"Katong, Marine Parade, Siglap",District 15,2017
91 MARSHALL,"Katong, Marine Parade, Siglap",District 15,2016
AALTO,"Katong, Marine Parade, Siglap",District 15,2010
ALPHA APARTMENTS,"Katong, Marine Parade, Siglap",District 15,2005
AMBER RESIDENCES,"Katong, Marine Parade, Siglap",District 15,2011
AMBER SKYE,"Katong, Marine Parade, Siglap",District 15,2017
AQUENE @ TELOK KURAU,"Katong, Marine Parade, Siglap",District 15,2008
ARTHUR 118,"Katong, Marine Parade, Siglap",District 15,2005
AURA 83,"Katong, Marine Parade, Siglap",District 15,2016
AURALIS,"Katong, Marine Parade, Siglap",District 15,2013
AXIS @ SIGLAP,"Katong, Marine Parade, Siglap",District 15,2009
BELLA CASITA,"Katong, Marine Parade, Siglap",District 15,2013
BELLEZZA @ KATONG,"Katong, Marine Parade, Siglap",District 15,2008
BERKELEY RESIDENCES,"Katong, Marine Parade, Siglap",District 15,2015
BLU CORAL,"Katong, Marine Parade, Siglap",District 15,2011
BUTTERWORTH 33,"Katong, Marine Parade, Siglap",District 15,2006
BUTTERWORTH 8,"Katong, Marine Parade, Siglap",District 15,2004
CADENCE LIGHT,"Katong, Marine Parade, Siglap",District 15,2007
CALLIDORA VILLE,"Katong, Marine Parade, Siglap",District 15,2009
CAMELOT,"Katong, Marine Parade, Siglap",District 15,2001
CANTIZ @ RAMBAI,"Katong, Marine Parade, Siglap",District 15,2010
CASA AROMA,"Katong, Marine Parade, Siglap",District 15,2003
AQUARINE GARDENS,"Bedok, Upper East Coast",District 16,2004
AQUARIUS BY THE PARK,"Bedok, Upper East Coast",District 16,2002
ARCHIPELAGO,"Bedok, Upper East Coast",District 16,2016
BALCON EAST,"Bedok, Upper East Coast",District 16,2012
BAYWATER,"Bedok, Upper East Coast",District 16,2006
BEDOK RESIDENCES,"Bedok, Upper East Coast",District 16,2015
BLEU @ EAST COAST,"Bedok, Upper East Coast",District 16,2010
CASA MERAH,"Bedok, Upper East Coast",District 16,2009
CHANGI GREEN,"Bedok, Upper East Coast",District 16,2001
COSTA DEL SOL,"Bedok, Upper East Coast",District 16,2003
COUNTRY PARK,"Bedok, Upper East Coast",District 16,2003
D'MANOR,"Bedok, Upper East Coast",District 16,2001
EAST COAST RESIDENCES,"Bedok, Upper East Coast",District 16,2010
EAST MEADOWS,"Bedok, Upper East Coast",District 16,2001
EAST VILLAGE,"Bedok, Upper East Coast",District 16,2014
EASTWOOD REGENCY,"Bedok, Upper East Coast",District 16,2013
ECO,"Bedok, Upper East Coast",District 16,2017
ASTON RESIDENCE,"Changi, Loyang, Pasir Ris",District 17,2011
BLUWATERS,"Changi, Loyang, Pasir Ris",District 17,2007
BLUWATERS 2,"Changi, Loyang, Pasir Ris",District 17,2010
CARISSA PARK,"Changi, Loyang, Pasir Ris",District 17,2003
CHANGI HEIGHTS,"Changi, Loyang, Pasir Ris",District 17,2002
COASTAL BREEZE RESIDENCES,"Changi, Loyang, Pasir Ris",District 17,2012
COASTAL VIEW RESIDENCES,"Changi, Loyang, Pasir Ris",District 17,2009
DAHLIA PARK,"Changi, Loyang, Pasir Ris",District 17,2004
EDELWEISS PARK,"Changi, Loyang, Pasir Ris",District 17,2006
FERRARIA PARK,"Changi, Loyang, Pasir Ris",District 17,2010
HEDGES PARK CONDOMINIUM,"Changi, Loyang, Pasir Ris",District 17,2014
JLB RESIDENCES,"Changi, Loyang, Pasir Ris",District 17,2008
OCEAN FRONT SUITES,"Changi, Loyang, Pasir Ris",District 17,2016
PALM ISLES,"Changi, Loyang, Pasir Ris",District 17,2015
PARC OLYMPIA,"Changi, Loyang, Pasir Ris",District 17,2015
RIZ HAVEN,"Changi, Loyang, Pasir Ris",District 17,2010
SANDY PALM,"Changi, Loyang, Pasir Ris",District 17,2002
THE EDGEWATER,"Changi, Loyang, Pasir Ris",District 17,2003
THE GALE,"Changi, Loyang, Pasir Ris",District 17,2013
THE INFLORA,"Changi, Loyang, Pasir Ris",District 17,2017
THE LIGHTHOUSE,"Changi, Loyang, Pasir Ris",District 17,2004
ARC AT TAMPINES,"Tampines, Pasir Ris, Simei",District 18,2015
BELYSA,"Tampines, Pasir Ris, Simei",District 18,2014
CHANGI RISE,"Tampines, Pasir Ris, Simei",District 18,2004
CITYLIFE @ TAMPINES,"Tampines, Pasir Ris, Simei",District 18,2016
COCO PALMS,"Tampines, Pasir Ris, Simei",District 18,2019
D'ELIAS,"Tampines, Pasir Ris, Simei",District 18,2005
D'NEST,"Tampines, Pasir Ris, Simei",District 18,2017
DOUBLE BAY RESIDENCES,"Tampines, Pasir Ris, Simei",District 18,2012
LIVIA,"Tampines, Pasir Ris, Simei",District 18,2011
MODENA,"Tampines, Pasir Ris, Simei",District 18,2002
MY MANHATTAN,"Tampines, Pasir Ris, Simei",District 18,2014
NV RESIDENCES,"Tampines, Pasir Ris, Simei",District 18,2013
OASIS @ ELIAS,"Tampines, Pasir Ris, Simei",District 18,2012
Q BAY RESIDENCES,"Tampines, Pasir Ris, Simei",District 18,2017
RIPPLE BAY,"Tampines, Pasir Ris, Simei",District 18,2015
RIS GRANDEUR,"Tampines, Pasir Ris, Simei",District 18,2006
SAVANNAH CONDOPARK,"Tampines, Pasir Ris, Simei",District 18,2005
SEA ESTA,"Tampines, Pasir Ris, Simei",District 18,2015
SEA HORIZON,"Tampines, Pasir Ris, Simei",District 18,2016
SEASTRAND,"Tampines, Pasir Ris, Simei",District 18,2014
STRATUM,"Tampines, Pasir Ris, Simei",District 18,2016
THE EDEN AT TAMPINES,"Tampines, Pasir Ris, Simei",District 18,2001
THE ESPARIS,"Tampines, Pasir Ris, Simei",District 18,2006
THE GARDENS AT GERALD,"Tampines, Pasir Ris, Simei",District 18,2007
THE PALETTE,"Tampines, Pasir Ris, Simei",District 18,2016
THE SANTORINI,"Tampines, Pasir Ris, Simei",District 18,2018
THE TROPICA,"Tampines, Pasir Ris, Simei",District 18,2001
TREASURE AT TAMPINES,"Tampines, Pasir Ris, Simei",District 18,2024
TROPICAL SPRING,"Tampines, Pasir Ris, Simei",District 18,2003
VUE 8 RESIDENCE,"Tampines, Pasir Ris, Simei",District 18,2017
WATERCOLOURS,"Tampines, Pasir Ris, Simei",District 18,2016
WATERVIEW,"Tampines, Pasir Ris, Simei",District 18,2013
WHITE WATER,"Tampines, Pasir Ris, Simei",District 18,2007
21 RICHARDS,"Hougang, Sengkang, Punggol",District 19,2014
3 @ PHILLIPS,"Hougang, Sengkang, Punggol",District 19,2007
3 @ SANDILANDS,"Hougang, Sengkang, Punggol",District 19,2011
57 @ KOVAN,"Hougang, Sengkang, Punggol",District 19,2013
A TREASURE TROVE,"Hougang, Sengkang, Punggol",District 19,2015
AMARANDA GARDEN,"Hougang, Sengkang, Punggol",District 19,2004
ASTON GREEN,"Hougang, Sengkang, Punggol",District 19,2013
AUSTVILLE RESIDENCES,"Hougang, Sengkang, Punggol",District 19,2014
BARTLEY RESIDENCES,"Hougang, Sengkang, Punggol",District 19,2015
BARTLEY RIDGE,"Hougang, Sengkang, Punggol",District 19,2018
BAYOU RESIDENCE,"Hougang, Sengkang, Punggol",District 19,2008
BELLEWATERS,"Hougang, Sengkang, Punggol",District 19,2017
BLISS @ KOVAN,"Hougang, Sengkang, Punggol",District 19,2014
BOATHOUSE RESIDENCES,"Hougang, Sengkang, Punggol",District 19,2015
BOTANIQUE AT BARTLEY,"Hougang, Sengkang, Punggol",District 19,2018
BRIGHTON CREST,"Hougang, Sengkang, Punggol",District 19,2003
CAMBIO SUITES,"Hougang, Sengkang, Punggol",District 19,2016
CARDIFF RESIDENCE,"Hougang, Sengkang, Punggol",District 19,2015
CASA CAMBIO,"Hougang, Sengkang, Punggol",District 19,2014
CASA ROSA CONDO,"Hougang, Sengkang, Punggol",District 19,2001
CENTRAL VIEW,"Hougang, Sengkang, Punggol",District 19,2005
CERELIA VISTA,"Hougang, Sengkang, Punggol",District 19,2013
CHARLTON 18,"Hougang, Sengkang, Punggol",District 19,2017
CHARLTON 27,"Hougang, Sengkang, Punggol",District 19,2019
CHARLTON RESIDENCES,"Hougang, Sengkang, Punggol",District 19,2014
CHARLTON VILLAS,"Hougang, Sengkang, Punggol",District 19,2011
CHEPSTOW VILLE,"Hougang, Sengkang, Punggol",District 19,2010
CHERRY GARDENS,"Hougang, Sengkang, Punggol",District 19,2004
3BHC,"Ang Mo Kio, Bishan, Thomson",District 20,2007
ADANA @ THOMSON,"Ang Mo Kio, Bishan, Thomson",District 20,2018
BELGRAVIA VILLAS,"Ang Mo Kio, Bishan, Thomson",District 20,2018
BISHAN LOFT,"Ang Mo Kio, Bishan, Thomson",District 20,2004
BISHAN POINT,"Ang Mo Kio, Bishan, Thomson",District 20,2005
BOONVIEW,"Ang Mo Kio, Bishan, Thomson",District 20,2003
CENTRO RESIDENCES,"Ang Mo Kio, Bishan, Thomson",District 20,2014
CENTURION 12,"Ang Mo Kio, Bishan, Thomson",District 20,2008
CLOVER BY THE PARK,"Ang Mo Kio, Bishan, Thomson",District 20,2012
FLORAVIEW,"Ang Mo Kio, Bishan, Thomson",District 20,2018
GOLDENHILL PARK CONDOMINIUM,"Ang Mo Kio, Bishan, Thomson",District 20,2004
GRANDEUR 8,"Ang Mo Kio, Bishan, Thomson",District 20,2005
GRANDIOSO 8,"Ang Mo Kio, Bishan, Thomson",District 20,2015
HORIZON GARDENS,"Ang Mo Kio, Bishan, Thomson",District 20,2002
HORIZON GREEN,"Ang Mo Kio, Bishan, Thomson",District 20,2003
KELIVILLE,"Ang Mo Kio, Bishan, Thomson",District 20,2006
NUOVO,"Ang Mo Kio, Bishan, Thomson",District 20,2004
RAFFLESIA CONDO,"Ang Mo Kio, Bishan, Thomson",District 20,2002
BINJAI CREST,"Clementi, Upper Bukit Timah",District 21,2004
CHARISMA VIEW,"Clementi, Upper Bukit Timah",District 21,2003
FLORIDIAN,"Clementi, Upper Bukit Timah",District 21,2011
FORETT @ BUKIT TIMAH,"Clementi, Upper Bukit Timah",District 21,2024
FREESIA WOODS,"Clementi, Upper Bukit Timah",District 21,2004
GARDENVISTA,"Clementi, Upper Bukit Timah",District 21,2006
JARDIN,"Clementi, Upper Bukit Timah",District 21,2012
KAP RESIDENCES,"Clementi, Upper Bukit Timah",District 21,2018
KI RESIDENCES,"Clementi, Upper Bukit Timah",District 21,2026
CASPIAN,"Boon Lay, Jurong, Tuas",District 22,2012
J GATEWAY,"Boon Lay, Jurong, Tuas",District 22,2016
LAKE LIFE,"Boon Lay, Jurong, Tuas",District 22,2017
LAKEHOLMZ,"Boon Lay, Jurong, Tuas",District 22,2005
LAKESHORE,"Boon Lay, Jurong, Tuas",District 22,2007
LAKEVILLE,"Boon Lay, Jurong, Tuas",District 22,2018
SUMMERDALE,"Boon Lay, Jurong, Tuas",District 22,2001
THE CENTRIS,"Boon Lay, Jurong, Tuas",District 22,2009
THE LAKEFRONT RESIDENCES,"Boon Lay, Jurong, Tuas",District 22,2014
THE WOODS,"Boon Lay, Jurong, Tuas",District 22,2016
WESTWOOD RESIDENCES,"Boon Lay, Jurong, Tuas",District 22,2018
BLOSSOM RESIDENCES,"Bukit Batok, Choa Chu Kang, Hillview",District 23,2014
CASHEW VILLAS,"Bukit Batok, Choa Chu Kang, Hillview",District 23,2006
CHESTNUT RESIDENCES,"Bukit Batok, Choa Chu Kang, Hillview",District 23,2009
ECO SANCTUARY,"Bukit Batok, Choa Chu Kang, Hillview",District 23,2016
ESPA,"Bukit Batok, Choa Chu Kang, Hillview",District 23,2008
FORESQUE RESIDENCES,"Bukit Batok, Choa Chu Kang, Hillview",District 23,2015
HAZEL PARK CONDOMINIUM,"Bukit Batok, Choa Chu Kang, Hillview",District 23,2001
HILLINGTON GREEN,"Bukit Batok, Choa Chu Kang, Hillview",District 23,2003
HILLION RESIDENCES,"Bukit Batok, Choa Chu Kang, Hillview",District 23,2016
HILLS TWOONE,"Bukit Batok, Choa Chu Kang, Hillview",District 23,2019
HILLSTA,"Bukit Batok, Choa Chu Kang, Hillview",District 23,2017
HILLTOP GROVE,"Bukit Batok, Choa Chu Kang, Hillview",District 23,2002
HILLVIEW 128,"Bukit Batok, Choa Chu Kang, Hillview",District 23,2001
HILLVIEW REGENCY,"Bukit Batok, Choa Chu Kang, Hillview",District 23,2005
HILLVIEW RESIDENCE,"Bukit Batok, Choa Chu Kang, Hillview",District 23,2003
HILLVISTA,"Bukit Batok, Choa Chu Kang, Hillview",District 23,2013
KINGSFORD . HILLVIEW PEAK,"Bukit Batok, Choa Chu Kang, Hillview",District 23,2016
LAUREL TREE,"Bukit Batok, Choa Chu Kang, Hillview",District 23,2017
MI CASA,"Bukit Batok, Choa Chu Kang, Hillview",District 23,2012
MICHAELS' RESIDENCES,"Bukit Batok, Choa Chu Kang, Hillview",District 23,2016
NATURA @ HILLVIEW,"Bukit Batok, Choa Chu Kang, Hillview",District 23,2016
BELLEWOODS,"Admiralty, Woodlands",District 25,2017
BUKIT VILLAS,"Admiralty, Woodlands",District 25,2009
CASABLANCA,"Admiralty, Woodlands",District 25,2006
FORESTVILLE,"Admiralty, Woodlands",District 25,2016
LA CASA,"Admiralty, Woodlands",District 25,2009
NORTHOAKS,"Admiralty, Woodlands",District 25,2001
NORTHWOOD CONDOMINIUM,"Admiralty, Woodlands",District 25,2010
PARC ROSEWOOD,"Admiralty, Woodlands",District 25,2016
ROSEWOOD,"Admiralty, Woodlands",District 25,2003
ROSEWOOD SUITES,"Admiralty, Woodlands",District 25,2012
TWIN FOUNTAINS,"Admiralty, Woodlands",District 25,2016
WOODHAVEN,"Admiralty, Woodlands",District 25,2015
WOODSVALE,"Admiralty, Woodlands",District 25,2001
ATELIER VILLAS,"Tagore, Yio Chu Kang",District 26,2008
BANYAN VILLAS,"Tagore, Yio Chu Kang",District 26,2005
BROOKS COLLECTION @ SPRINGSIDE,"Tagore, Yio Chu Kang",District 26,2015
DALLA VALE,"Tagore, Yio Chu Kang",District 26,2009
LILYDALE,"Tagore, Yio Chu Kang",District 26,2003
MEADOWS @ PEIRCE,"Tagore, Yio Chu Kang",District 26,2012
POETS VILLAS,"Tagore, Yio Chu Kang",District 26,2015
SPRINGLEAF VILLAS,"Tagore, Yio Chu Kang",District 26,2005
THE CALROSE,"Tagore, Yio Chu Kang",District 26,2008
THE SENSORIA,"Tagore, Yio Chu Kang",District 26,2007
1 CANBERRA,"Sembawang, Yishun",District 27,2015
CANBERRA RESIDENCES,"Sembawang, Yishun",District 27,2013
D'BANYAN,"Sembawang, Yishun",District 27,2005
EIGHT COURTYARDS,"Sembawang, Yishun",District 27,2015
EUPHONY GARDENS,"Sembawang, Yishun",District 27,2002
FOREST HILLS,"Sembawang, Yishun",District 27,2004
NINE RESIDENCES,"Sembawang, Yishun",District 27,2017
NORTH PARK RESIDENCES,"Sembawang, Yishun",District 27,2020
SELETARIS,"Sembawang, Yishun",District 27,2001
SIGNATURE AT YISHUN,"Sembawang, Yishun",District 27,2018
SKIES MILTONIA,"Sembawang, Yishun",District 27,2016
SKYPARK RESIDENCES,"Sembawang, Yishun",District 27,2017
SPRINGHILL,"Sembawang, Yishun",District 27,2008
STRAITS GARDENS,"Sembawang, Yishun",District 27,2005
SUN PLAZA,"Sembawang, Yishun",District 27,2001
SYMPHONY SUITES,"Sembawang, Yishun",District 27,2019
THE BROWNSTONE,"Sembawang, Yishun",District 27,2019
THE CANOPY,"Sembawang, Yishun",District 27,2013
THE CRITERION,"Sembawang, Yishun",District 27,2018
THE ESTUARY,"Sembawang, Yishun",District 27,2013
THE MILTONIA RESIDENCES,"Sembawang, Yishun",District 27,2014
THE NAUTICAL,"Sembawang, Yishun",District 27,2016
THE SHAUGHNESSY,"Sembawang, Yishun",District 27,2007
THE SHORELINE RESIDENCES I,"Sembawang, Yishun",District 27,2015
THE WISTERIA,"Sembawang, Yishun",District 27,2018
VICTORY 8,"Sembawang, Yishun",District 27,2014
YISHUN EMERALD,"Sembawang, Yishun",District 27,2002
YISHUN SAPPHIRE,"Sembawang, Yishun",District 27,2002
8 @ STRATTON,"Seletar, Yio Chu Kang",District 28,2009
ALANA,"Seletar, Yio Chu Kang",District 28,2017
CABANA,"Seletar, Yio Chu Kang",District 28,2013
ESTE VILLAS,"Seletar, Yio Chu Kang",District 28,2014
FLORAVILLE,"Seletar, Yio Chu Kang",District 28,2018
GERALD RESIDENCE,"Seletar, Yio Chu Kang",District 28,2001
H2O RESIDENCES,"Seletar, Yio Chu Kang",District 28,2015
HIGH PARK RESIDENCES,"Seletar, Yio Chu Kang",District 28,2020
LUXUS HILLS,"Seletar, Yio Chu Kang",District 28,2013
MIMOSA GARDENS,"Seletar, Yio Chu Kang",District 28,2005
RIVERBANK @ FERNVALE,"Seletar, Yio Chu Kang",District 28,2018
SARACA VILLAS,"Seletar, Yio Chu Kang",District 28,2002
SELETAR PARK RESIDENCE,"Seletar, Yio Chu Kang",District 28,2015
SELETAR SPRINGS CONDO,"Seletar, Yio Chu Kang",District 28,2001
SELETAR VIEW,"Seletar, Yio Chu Kang",District 28,2013
STRATTON GREEN,"Seletar, Yio Chu Kang",District 28,2003
SUMMER VILLAS,"Seletar, Yio Chu Kang",District 28,2004
THE GREENWICH,"Seletar, Yio Chu Kang",District 28,2014
